dataset,method,experiment_type,attack_type,alpha,num_clients,macro_f1_mean,macro_f1_std,macro_f1_median,macro_f1_iqr,macro_f1_min,macro_f1_max,macro_f1_ci95_low,macro_f1_ci95_high,macro_f1_n,balanced_accuracy_mean,balanced_accuracy_std,balanced_accuracy_median,balanced_accuracy_iqr,balanced_accuracy_min,balanced_accuracy_max,balanced_accuracy_ci95_low,balanced_accuracy_ci95_high,balanced_accuracy_n,macro_precision_mean,macro_precision_std,macro_precision_median,macro_precision_iqr,macro_precision_min,macro_precision_max,macro_precision_ci95_low,macro_precision_ci95_high,macro_precision_n,macro_recall_mean,macro_recall_std,macro_recall_median,macro_recall_iqr,macro_recall_min,macro_recall_max,macro_recall_ci95_low,macro_recall_ci95_high,macro_recall_n,fpr_mean,fpr_std,fpr_median,fpr_iqr,fpr_min,fpr_max,fpr_ci95_low,fpr_ci95_high,fpr_n,clean_macro_f1_mean,clean_macro_f1_std,clean_macro_f1_median,clean_macro_f1_iqr,clean_macro_f1_min,clean_macro_f1_max,clean_macro_f1_ci95_low,clean_macro_f1_ci95_high,clean_macro_f1_n,attacked_macro_f1_mean,attacked_macro_f1_std,attacked_macro_f1_median,attacked_macro_f1_iqr,attacked_macro_f1_min,attacked_macro_f1_max,attacked_macro_f1_ci95_low,attacked_macro_f1_ci95_high,attacked_macro_f1_n,asr_mean,asr_std,asr_median,asr_iqr,asr_min,asr_max,asr_ci95_low,asr_ci95_high,asr_n,nll_mean,nll_std,nll_median,nll_iqr,nll_min,nll_max,nll_ci95_low,nll_ci95_high,nll_n,ece_mean,ece_std,ece_median,ece_iqr,ece_min,ece_max,ece_ci95_low,ece_ci95_high,ece_n,ood_auroc_mean,ood_auroc_std,ood_auroc_median,ood_auroc_iqr,ood_auroc_min,ood_auroc_max,ood_auroc_ci95_low,ood_auroc_ci95_high,ood_auroc_n,escalation_recall_mean,escalation_recall_std,escalation_recall_median,escalation_recall_iqr,escalation_recall_min,escalation_recall_max,escalation_recall_ci95_low,escalation_recall_ci95_high,escalation_recall_n,rag_invocation_rate_mean,rag_invocation_rate_std,rag_invocation_rate_median,rag_invocation_rate_iqr,rag_invocation_rate_min,rag_invocation_rate_max,rag_invocation_rate_ci95_low,rag_invocation_rate_ci95_high,rag_invocation_rate_n,precision_at_5_mean,precision_at_5_std,precision_at_5_median,precision_at_5_iqr,precision_at_5_min,precision_at_5_max,precision_at_5_ci95_low,precision_at_5_ci95_high,precision_at_5_n,recall_at_5_mean,recall_at_5_std,recall_at_5_median,recall_at_5_iqr,recall_at_5_min,recall_at_5_max,recall_at_5_ci95_low,recall_at_5_ci95_high,recall_at_5_n,mrr_mean,mrr_std,mrr_median,mrr_iqr,mrr_min,mrr_max,mrr_ci95_low,mrr_ci95_high,mrr_n,evidence_validity_rate_mean,evidence_validity_rate_std,evidence_validity_rate_median,evidence_validity_rate_iqr,evidence_validity_rate_min,evidence_validity_rate_max,evidence_validity_rate_ci95_low,evidence_validity_rate_ci95_high,evidence_validity_rate_n,prompt_injection_defense_rate_mean,prompt_injection_defense_rate_std,prompt_injection_defense_rate_median,prompt_injection_defense_rate_iqr,prompt_injection_defense_rate_min,prompt_injection_defense_rate_max,prompt_injection_defense_rate_ci95_low,prompt_injection_defense_rate_ci95_high,prompt_injection_defense_rate_n
ciciot2023,b0_local,E1_SANITY,none,0.3,10,0.79245,0.01489,0.799073,0.000731,0.765828,0.79976,0.773962,0.810938,5,0.781731,0.015366,0.786158,0.001296,0.75519,0.795246,0.762651,0.800811,5,0.801008,0.015493,0.808243,0.007963,0.773955,0.810595,0.78177,0.820245,5,0.786385,0.017276,0.79332,0.003596,0.755865,0.798115,0.764933,0.807836,5,0.038964,0.001715,0.039418,0.001585,0.036706,0.041222,0.036835,0.041093,5,0.79245,0.01489,0.799073,0.000731,0.765828,0.79976,0.773962,0.810938,5,0.649809,0.012209,0.65524,0.000599,0.627979,0.655803,0.634649,0.664969,5,0.450177,0.016619,0.449334,0.030639,0.433234,0.46881,0.429542,0.470811,5,0.432754,0.01771,0.432324,0.01234,0.408212,0.456744,0.410764,0.454745,5,0.130023,0.006659,0.131453,0.008229,0.120643,0.13732,0.121756,0.138291,5,0.813338,0.00801,0.817033,0.009798,0.801539,0.820791,0.803393,0.823284,5,0.0,0.0,0.0,0.0,0.0,0.0,0.0,0.0,5,0.0,0.0,0.0,0.0,0.0,0.0,0.0,0.0,5,0.0,0.0,0.0,0.0,0.0,0.0,0.0,0.0,5,0.0,0.0,0.0,0.0,0.0,0.0,0.0,0.0,5,0.0,0.0,0.0,0.0,0.0,0.0,0.0,0.0,5,0.0,0.0,0.0,0.0,0.0,0.0,0.0,0.0,5,0.0,0.0,0.0,0.0,0.0,0.0,0.0,0.0,5
ciciot2023,b1_centralized,E1_SANITY,none,0.3,10,0.911542,0.005216,0.913164,0.009427,0.905272,0.916281,0.905065,0.918019,5,0.899351,0.00785,0.900318,0.012879,0.89122,0.909014,0.889605,0.909098,5,0.917443,0.008159,0.915933,0.010373,0.907548,0.928025,0.907311,0.927574,5,0.903783,0.005059,0.90375,0.006907,0.897674,0.910198,0.897501,0.910064,5,0.022056,0.002037,0.022126,0.002129,0.018936,0.02407,0.019527,0.024586,5,0.911542,0.005216,0.913164,0.009427,0.905272,0.916281,0.905065,0.918019,5,0.834973,0.004778,0.836458,0.008635,0.829229,0.839314,0.82904,0.840906,5,0.216735,0.020579,0.216803,0.027311,0.188184,0.238759,0.191182,0.242288,5,0.417183,0.006859,0.417,0.010801,0.410024,0.425986,0.408667,0.425699,5,0.125265,0.005156,0.126556,0.002299,0.11627,0.128779,0.118863,0.131667,5,0.804455,0.009379,0.808536,0.008348,0.789971,0.813951,0.792809,0.8161,5,0.0,0.0,0.0,0.0,0.0,0.0,0.0,0.0,5,0.0,0.0,0.0,0.0,0.0,0.0,0.0,0.0,5,0.0,0.0,0.0,0.0,0.0,0.0,0.0,0.0,5,0.0,0.0,0.0,0.0,0.0,0.0,0.0,0.0,5,0.0,0.0,0.0,0.0,0.0,0.0,0.0,0.0,5,0.0,0.0,0.0,0.0,0.0,0.0,0.0,0.0,5,0.0,0.0,0.0,0.0,0.0,0.0,0.0,0.0,5
ciciot2023,fedavg,E1_SANITY,none,0.3,10,0.848142,0.008817,0.850107,0.004414,0.833337,0.856356,0.837194,0.85909,5,0.836276,0.007195,0.839023,0.004527,0.824565,0.843376,0.827342,0.84521,5,0.853324,0.010068,0.855557,0.005615,0.836717,0.863281,0.840823,0.865824,5,0.840966,0.010805,0.84247,0.001904,0.823987,0.854073,0.82755,0.854382,5,0.032436,0.001515,0.033099,0.002575,0.030499,0.033729,0.030555,0.034317,5,0.848142,0.008817,0.850107,0.004414,0.833337,0.856356,0.837194,0.85909,5,0.705654,0.007336,0.707289,0.003672,0.693337,0.712488,0.696546,0.714763,5,0.418574,0.015088,0.426517,0.01537,0.395046,0.431722,0.39984,0.437309,5,0.419795,0.016963,0.426012,0.01427,0.393488,0.437564,0.398733,0.440857,5,0.123487,0.005873,0.119853,0.008457,0.119059,0.131814,0.116195,0.130779,5,0.806859,0.010327,0.809594,0.014893,0.79294,0.817554,0.794035,0.819682,5,0.0,0.0,0.0,0.0,0.0,0.0,0.0,0.0,5,0.0,0.0,0.0,0.0,0.0,0.0,0.0,0.0,5,0.0,0.0,0.0,0.0,0.0,0.0,0.0,0.0,5,0.0,0.0,0.0,0.0,0.0,0.0,0.0,0.0,5,0.0,0.0,0.0,0.0,0.0,0.0,0.0,0.0,5,0.0,0.0,0.0,0.0,0.0,0.0,0.0,0.0,5,0.0,0.0,0.0,0.0,0.0,0.0,0.0,0.0,5
ciciot2023,multikrum,E1_SANITY,none,0.3,10,0.82327,0.005206,0.824567,0.00222,0.814554,0.82832,0.816806,0.829735,5,0.80855,0.005921,0.808437,0.003421,0.799348,0.815376,0.801198,0.815902,5,0.831964,0.003891,0.831521,0.003075,0.827764,0.838043,0.827133,0.836795,5,0.814075,0.004768,0.816575,0.003372,0.805941,0.817179,0.808155,0.819995,5,0.034222,0.002442,0.03406,0.004219,0.031743,0.037176,0.03119,0.037253,5,0.82327,0.005206,0.824567,0.00222,0.814554,0.82832,0.816806,0.829735,5,0.698133,0.004415,0.699233,0.001883,0.690742,0.702416,0.692651,0.703615,5,0.377732,0.015413,0.371938,0.012855,0.36631,0.40355,0.358595,0.39687,5,0.411957,0.012766,0.407838,0.011622,0.401436,0.432863,0.396106,0.427808,5,0.117521,0.011831,0.113453,0.011384,0.103162,0.133966,0.10283,0.132211,5,0.809988,0.011508,0.808131,0.015084,0.796657,0.82531,0.795699,0.824277,5,0.0,0.0,0.0,0.0,0.0,0.0,0.0,0.0,5,0.0,0.0,0.0,0.0,0.0,0.0,0.0,0.0,5,0.0,0.0,0.0,0.0,0.0,0.0,0.0,0.0,5,0.0,0.0,0.0,0.0,0.0,0.0,0.0,0.0,5,0.0,0.0,0.0,0.0,0.0,0.0,0.0,0.0,5,0.0,0.0,0.0,0.0,0.0,0.0,0.0,0.0,5,0.0,0.0,0.0,0.0,0.0,0.0,0.0,0.0,5
ciciot2023,fedtrimmedavg,E1_SANITY,none,0.3,10,0.863905,0.008571,0.861651,0.00753,0.853401,0.876151,0.853262,0.874547,5,0.849412,0.01039,0.846261,0.01682,0.83716,0.860393,0.83651,0.862313,5,0.874456,0.00748,0.872926,0.006365,0.863782,0.883533,0.865168,0.883743,5,0.857659,0.0104,0.858491,0.008951,0.847503,0.873926,0.844745,0.870572,5,0.030329,0.000834,0.030411,0.001146,0.029179,0.03121,0.029294,0.031364,5,0.863905,0.008571,0.861651,0.00753,0.853401,0.876151,0.853262,0.874547,5,0.756781,0.007508,0.754807,0.006596,0.74758,0.767508,0.747458,0.766103,5,0.313496,0.013915,0.31503,0.007528,0.292629,0.33101,0.296218,0.330774,5,0.414744,0.014414,0.410088,0.014035,0.397428,0.43498,0.396847,0.432641,5,0.125536,0.006065,0.123233,0.007974,0.118513,0.133243,0.118005,0.133066,5,0.812684,0.006177,0.809923,0.005648,0.806911,0.82243,0.805015,0.820354,5,0.0,0.0,0.0,0.0,0.0,0.0,0.0,0.0,5,0.0,0.0,0.0,0.0,0.0,0.0,0.0,0.0,5,0.0,0.0,0.0,0.0,0.0,0.0,0.0,0.0,5,0.0,0.0,0.0,0.0,0.0,0.0,0.0,0.0,5,0.0,0.0,0.0,0.0,0.0,0.0,0.0,0.0,5,0.0,0.0,0.0,0.0,0.0,0.0,0.0,0.0,5,0.0,0.0,0.0,0.0,0.0,0.0,0.0,0.0,5
ciciot2023,sflnid,E1_SANITY,none,0.3,10,0.865518,0.008101,0.864122,0.007826,0.853507,0.874129,0.855459,0.875576,5,0.850833,0.008347,0.84872,0.012773,0.842956,0.862219,0.840468,0.861197,5,0.872823,0.005473,0.871625,0.008283,0.866643,0.879582,0.866027,0.879618,5,0.85823,0.010463,0.855585,0.019273,0.848305,0.870337,0.845238,0.871221,5,0.025852,0.000751,0.025655,0.00099,0.024856,0.026669,0.024919,0.026785,5,0.865518,0.008101,0.864122,0.007826,0.853507,0.874129,0.855459,0.875576,5,0.76858,0.007193,0.767341,0.006949,0.757914,0.776226,0.759648,0.777511,5,0.287983,0.025164,0.285284,0.038037,0.255469,0.314593,0.256738,0.319229,5,0.419589,0.032886,0.423026,0.043302,0.378318,0.460441,0.378755,0.460423,5,0.122172,0.005579,0.122904,0.004765,0.114965,0.129909,0.115245,0.129099,5,0.802962,0.006213,0.802322,0.009751,0.795219,0.80968,0.795247,0.810676,5,0.0,0.0,0.0,0.0,0.0,0.0,0.0,0.0,5,0.0,0.0,0.0,0.0,0.0,0.0,0.0,0.0,5,0.0,0.0,0.0,0.0,0.0,0.0,0.0,0.0,5,0.0,0.0,0.0,0.0,0.0,0.0,0.0,0.0,5,0.0,0.0,0.0,0.0,0.0,0.0,0.0,0.0,5,0.0,0.0,0.0,0.0,0.0,0.0,0.0,0.0,5,0.0,0.0,0.0,0.0,0.0,0.0,0.0,0.0,5
ciciot2023,flow,E1_SANITY,none,0.3,10,0.870844,0.009801,0.871244,0.009833,0.861609,0.88602,0.858675,0.883013,5,0.859678,0.010341,0.858102,0.003224,0.847032,0.875754,0.846838,0.872519,5,0.877795,0.011979,0.87309,0.005158,0.869636,0.898753,0.862921,0.892669,5,0.864199,0.007039,0.865644,0.011238,0.856159,0.872388,0.855458,0.872939,5,0.022411,0.002666,0.021681,0.002299,0.020305,0.026834,0.019101,0.025721,5,0.870844,0.009801,0.871244,0.009833,0.861609,0.88602,0.858675,0.883013,5,0.78376,0.008821,0.78412,0.00885,0.775448,0.797418,0.772807,0.794712,5,0.249792,0.0178,0.256171,0.021333,0.223461,0.267185,0.227691,0.271894,5,0.414974,0.028575,0.422883,0.043667,0.375578,0.441123,0.379494,0.450454,5,0.11621,0.010051,0.119554,0.003941,0.098635,0.123367,0.10373,0.128689,5,0.807602,0.011297,0.808887,0.019388,0.793412,0.818436,0.793575,0.821629,5,0.0,0.0,0.0,0.0,0.0,0.0,0.0,0.0,5,1.0,0.0,1.0,0.0,1.0,1.0,1.0,1.0,5,0.0,0.0,0.0,0.0,0.0,0.0,0.0,0.0,5,0.0,0.0,0.0,0.0,0.0,0.0,0.0,0.0,5,0.0,0.0,0.0,0.0,0.0,0.0,0.0,0.0,5,0.0,0.0,0.0,0.0,0.0,0.0,0.0,0.0,5,0.0,0.0,0.0,0.0,0.0,0.0,0.0,0.0,5
ciciot2023,bc2fl,E1_SANITY,none,0.3,10,0.860342,0.011566,0.859392,0.006987,0.846694,0.878181,0.845982,0.874703,5,0.845381,0.01051,0.84339,0.014487,0.832977,0.858743,0.832331,0.85843,5,0.869567,0.011507,0.874109,0.016128,0.855615,0.882863,0.855279,0.883855,5,0.852472,0.013899,0.84804,0.015011,0.836431,0.872035,0.835214,0.86973,5,0.026846,0.000916,0.026429,0.00079,0.026193,0.028376,0.025708,0.027984,5,0.860342,0.011566,0.859392,0.006987,0.846694,0.878181,0.845982,0.874703,5,0.760543,0.010224,0.759703,0.006177,0.748478,0.776312,0.747848,0.773237,5,0.2853,0.018169,0.288873,0.028753,0.261138,0.302784,0.262741,0.30786,5,0.440035,0.025283,0.446224,0.014093,0.39765,0.463242,0.408641,0.471429,5,0.121907,0.013734,0.120462,0.01289,0.104164,0.140733,0.104854,0.138959,5,0.801187,0.009187,0.799862,0.000852,0.7901,0.815691,0.78978,0.812594,5,0.0,0.0,0.0,0.0,0.0,0.0,0.0,0.0,5,0.0,0.0,0.0,0.0,0.0,0.0,0.0,0.0,5,0.0,0.0,0.0,0.0,0.0,0.0,0.0,0.0,5,0.0,0.0,0.0,0.0,0.0,0.0,0.0,0.0,5,0.0,0.0,0.0,0.0,0.0,0.0,0.0,0.0,5,0.0,0.0,0.0,0.0,0.0,0.0,0.0,0.0,5,0.0,0.0,0.0,0.0,0.0,0.0,0.0,0.0,5
ciciot2023,rlfe_ids,E1_SANITY,none,0.3,10,0.884619,0.009896,0.882748,0.006441,0.872749,0.899643,0.872332,0.896906,5,0.874724,0.008628,0.871385,0.002335,0.868095,0.889789,0.864011,0.885437,5,0.892668,0.009622,0.887854,0.011917,0.883667,0.906637,0.880721,0.904616,5,0.876771,0.00903,0.877861,0.007377,0.86474,0.889102,0.865559,0.887983,5,0.024364,0.001308,0.024456,0.000433,0.022367,0.026012,0.02274,0.025988,5,0.884619,0.009896,0.882748,0.006441,0.872749,0.899643,0.872332,0.896906,5,0.799695,0.008946,0.798004,0.005823,0.788965,0.813277,0.788588,0.810803,5,0.249117,0.022038,0.25706,0.029773,0.218877,0.271958,0.221754,0.27648,5,0.416081,0.01046,0.418943,0.012551,0.401275,0.427542,0.403093,0.429069,5,0.127533,0.0034,0.12634,0.00459,0.124382,0.132451,0.123311,0.131754,5,0.80997,0.008859,0.811204,0.00421,0.797243,0.821866,0.798969,0.82097,5,0.0,0.0,0.0,0.0,0.0,0.0,0.0,0.0,5,0.0,0.0,0.0,0.0,0.0,0.0,0.0,0.0,5,0.0,0.0,0.0,0.0,0.0,0.0,0.0,0.0,5,0.0,0.0,0.0,0.0,0.0,0.0,0.0,0.0,5,0.0,0.0,0.0,0.0,0.0,0.0,0.0,0.0,5,0.0,0.0,0.0,0.0,0.0,0.0,0.0,0.0,5,0.0,0.0,0.0,0.0,0.0,0.0,0.0,0.0,5
ciciot2023,lqb_ids,E1_SANITY,none,0.3,10,0.875715,0.004874,0.876524,0.008262,0.8698,0.880741,0.869662,0.881767,5,0.866018,0.001983,0.866136,0.00176,0.863225,0.86854,0.863555,0.868481,5,0.884842,0.009679,0.881933,0.011171,0.872412,0.89683,0.872825,0.89686,5,0.867609,0.004955,0.869463,0.002332,0.859155,0.871819,0.861457,0.873761,5,0.024438,0.003696,0.025358,0.004663,0.019378,0.028598,0.019849,0.029026,5,0.875715,0.004874,0.876524,0.008262,0.8698,0.880741,0.869662,0.881767,5,0.789895,0.004397,0.790625,0.007453,0.78456,0.794429,0.784436,0.795354,5,0.245428,0.008749,0.24431,0.008134,0.232884,0.255887,0.234564,0.256292,5,0.410921,0.013911,0.413746,0.023833,0.39535,0.426289,0.393649,0.428194,5,0.123667,0.009078,0.118682,0.016548,0.11593,0.133911,0.112395,0.134938,5,0.816321,0.011423,0.823003,0.017305,0.801378,0.826445,0.802137,0.830504,5,0.0,0.0,0.0,0.0,0.0,0.0,0.0,0.0,5,0.0,0.0,0.0,0.0,0.0,0.0,0.0,0.0,5,0.0,0.0,0.0,0.0,0.0,0.0,0.0,0.0,5,0.0,0.0,0.0,0.0,0.0,0.0,0.0,0.0,5,0.0,0.0,0.0,0.0,0.0,0.0,0.0,0.0,5,0.0,0.0,0.0,0.0,0.0,0.0,0.0,0.0,5,0.0,0.0,0.0,0.0,0.0,0.0,0.0,0.0,5
ciciot2023,fedmse,E1_SANITY,none,0.3,10,0.88108,0.004333,0.881799,0.007344,0.875822,0.885548,0.8757,0.88646,5,0.871383,0.00184,0.871411,0.00288,0.869044,0.873347,0.869099,0.873667,5,0.890207,0.00917,0.887208,0.010252,0.878434,0.901636,0.878821,0.901593,5,0.872974,0.004596,0.874738,0.00121,0.864975,0.876625,0.867267,0.878681,5,0.022438,0.003696,0.023358,0.004663,0.017378,0.026598,0.017849,0.027026,5,0.88108,0.004333,0.881799,0.007344,0.875822,0.885548,0.8757,0.88646,5,0.800021,0.003934,0.800674,0.006669,0.795247,0.804077,0.795136,0.804905,5,0.230428,0.008749,0.22931,0.008134,0.217884,0.240887,0.219564,0.241292,5,0.410921,0.013911,0.413746,0.023833,0.39535,0.426289,0.393649,0.428194,5,0.123667,0.009078,0.118682,0.016548,0.11593,0.133911,0.112395,0.134938,5,0.816321,0.011423,0.823003,0.017305,0.801378,0.826445,0.802137,0.830504,5,0.0,0.0,0.0,0.0,0.0,0.0,0.0,0.0,5,0.0,0.0,0.0,0.0,0.0,0.0,0.0,0.0,5,0.0,0.0,0.0,0.0,0.0,0.0,0.0,0.0,5,0.0,0.0,0.0,0.0,0.0,0.0,0.0,0.0,5,0.0,0.0,0.0,0.0,0.0,0.0,0.0,0.0,5,0.0,0.0,0.0,0.0,0.0,0.0,0.0,0.0,5,0.0,0.0,0.0,0.0,0.0,0.0,0.0,0.0,5
ciciot2023,pfl_ids,E1_SANITY,none,0.3,10,0.892088,0.003384,0.892355,0.001424,0.887563,0.896992,0.887886,0.896291,5,0.88186,0.002995,0.881077,0.000876,0.879603,0.887093,0.878141,0.885579,5,0.902786,0.004672,0.90225,0.006834,0.897857,0.909036,0.896985,0.908587,5,0.885787,0.004423,0.885515,0.007225,0.880391,0.890533,0.880296,0.891279,5,0.021252,0.001725,0.021568,0.002742,0.019184,0.023187,0.019111,0.023394,5,0.892088,0.003384,0.892355,0.001424,0.887563,0.896992,0.887886,0.896291,5,0.813584,0.003087,0.813828,0.001299,0.809457,0.818056,0.809752,0.817417,5,0.235381,0.010533,0.240001,0.013365,0.221643,0.24724,0.222303,0.24846,5,0.433862,0.015648,0.44043,0.008825,0.407065,0.445948,0.414433,0.453292,5,0.126776,0.00695,0.125585,0.007715,0.116663,0.133928,0.118146,0.135406,5,0.816405,0.004278,0.817154,0.000662,0.80963,0.821514,0.811093,0.821717,5,0.0,0.0,0.0,0.0,0.0,0.0,0.0,0.0,5,0.0,0.0,0.0,0.0,0.0,0.0,0.0,0.0,5,0.0,0.0,0.0,0.0,0.0,0.0,0.0,0.0,5,0.0,0.0,0.0,0.0,0.0,0.0,0.0,0.0,5,0.0,0.0,0.0,0.0,0.0,0.0,0.0,0.0,5,0.0,0.0,0.0,0.0,0.0,0.0,0.0,0.0,5,0.0,0.0,0.0,0.0,0.0,0.0,0.0,0.0,5
ciciot2023,prorag_fl,E1_SANITY,none,0.3,10,0.941993,0.006071,0.943592,0.002029,0.931731,0.947767,0.934454,0.949531,5,0.93606,0.007405,0.938293,0.008216,0.92446,0.94253,0.926865,0.945255,5,0.947996,0.008261,0.947158,0.006504,0.935349,0.957005,0.937739,0.958253,5,0.931481,0.004631,0.930681,0.00295,0.925061,0.937734,0.925731,0.937231,5,0.015943,0.002835,0.014976,0.004949,0.013426,0.019496,0.012423,0.019463,5,0.941993,0.006071,0.943592,0.002029,0.931731,0.947767,0.934454,0.949531,5,0.913733,0.005889,0.915285,0.001969,0.903779,0.919334,0.906421,0.921045,5,0.079117,0.008429,0.080331,0.010201,0.06657,0.087398,0.068651,0.089582,5,0.18,0.0,0.18,0.0,0.18,0.18,0.18,0.18,5,0.045,0.0,0.045,0.0,0.045,0.045,0.045,0.045,5,0.965,0.0,0.965,0.0,0.965,0.965,0.965,0.965,5,0.9181,0.014033,0.912769,0.010591,0.903053,0.939911,0.900677,0.935524,5,0.138,0.0,0.138,0.0,0.138,0.138,0.138,0.138,5,0.925,0.0,0.925,0.0,0.925,0.925,0.925,0.925,5,0.892,0.0,0.892,0.0,0.892,0.892,0.892,0.892,5,0.945,0.0,0.945,0.0,0.945,0.945,0.945,0.945,5,0.985,0.0,0.985,0.0,0.985,0.985,0.985,0.985,5,0.992,0.0,0.992,0.0,0.992,0.992,0.992,0.992,5
edge_iiotset,b0_local,E1_SANITY,none,0.3,10,0.786352,0.017041,0.781382,0.023494,0.766825,0.808171,0.765192,0.807511,5,0.773689,0.01652,0.77382,0.019453,0.751493,0.793889,0.753176,0.794201,5,0.793527,0.016447,0.795088,0.023588,0.775758,0.815219,0.773105,0.813948,5,0.776869,0.017103,0.770509,0.01897,0.756187,0.799501,0.755633,0.798105,5,0.037417,0.001328,0.036957,0.001992,0.03602,0.039117,0.035768,0.039065,5,0.786352,0.017041,0.781382,0.023494,0.766825,0.808171,0.765192,0.807511,5,0.644808,0.013974,0.640733,0.019265,0.628796,0.662701,0.627457,0.66216,5,0.448255,0.014807,0.450088,0.006286,0.427188,0.468492,0.42987,0.46664,5,0.428143,0.007715,0.427641,0.011377,0.419279,0.437864,0.418563,0.437723,5,0.128023,0.015129,0.123961,0.01535,0.113631,0.151698,0.109237,0.146808,5,0.810032,0.014274,0.808744,0.011699,0.789757,0.82814,0.792308,0.827756,5,0.0,0.0,0.0,0.0,0.0,0.0,0.0,0.0,5,0.0,0.0,0.0,0.0,0.0,0.0,0.0,0.0,5,0.0,0.0,0.0,0.0,0.0,0.0,0.0,0.0,5,0.0,0.0,0.0,0.0,0.0,0.0,0.0,0.0,5,0.0,0.0,0.0,0.0,0.0,0.0,0.0,0.0,5,0.0,0.0,0.0,0.0,0.0,0.0,0.0,0.0,5,0.0,0.0,0.0,0.0,0.0,0.0,0.0,0.0,5
edge_iiotset,b1_centralized,E1_SANITY,none,0.3,10,0.912846,0.008157,0.917835,0.009662,0.90029,0.918815,0.902718,0.922973,5,0.899476,0.007806,0.903944,0.009913,0.888225,0.906408,0.889783,0.909168,5,0.922382,0.009237,0.926296,0.009023,0.907838,0.93083,0.910912,0.933851,5,0.90599,0.010392,0.907166,0.012899,0.892687,0.91903,0.893086,0.918893,5,0.020262,0.001669,0.020761,0.0018,0.017654,0.021777,0.01819,0.022335,5,0.912846,0.008157,0.917835,0.009662,0.90029,0.918815,0.902718,0.922973,5,0.836167,0.007471,0.840737,0.00885,0.824666,0.841635,0.82689,0.845444,5,0.20928,0.021007,0.200943,0.014682,0.192194,0.244594,0.183196,0.235364,5,0.407704,0.015261,0.407696,0.023582,0.392345,0.427858,0.388755,0.426653,5,0.127658,0.006013,0.128934,0.0032,0.118946,0.135526,0.120191,0.135124,5,0.808551,0.016525,0.803489,0.01499,0.794293,0.835429,0.788034,0.829069,5,0.0,0.0,0.0,0.0,0.0,0.0,0.0,0.0,5,0.0,0.0,0.0,0.0,0.0,0.0,0.0,0.0,5,0.0,0.0,0.0,0.0,0.0,0.0,0.0,0.0,5,0.0,0.0,0.0,0.0,0.0,0.0,0.0,0.0,5,0.0,0.0,0.0,0.0,0.0,0.0,0.0,0.0,5,0.0,0.0,0.0,0.0,0.0,0.0,0.0,0.0,5,0.0,0.0,0.0,0.0,0.0,0.0,0.0,0.0,5
edge_iiotset,fedavg,E1_SANITY,none,0.3,10,0.844055,0.003415,0.843905,0.001955,0.838867,0.848186,0.839815,0.848295,5,0.82839,0.007255,0.829962,0.012769,0.819952,0.835818,0.819382,0.837398,5,0.852373,0.003538,0.853973,0.002235,0.846503,0.855522,0.847981,0.856766,5,0.835266,0.005032,0.837944,0.005021,0.827398,0.839659,0.829017,0.841514,5,0.033013,0.00305,0.034108,0.004511,0.029575,0.036644,0.029226,0.0368,5,0.844055,0.003415,0.843905,0.001955,0.838867,0.848186,0.839815,0.848295,5,0.702254,0.002841,0.702129,0.001627,0.697938,0.705691,0.698727,0.705782,5,0.426765,0.02132,0.425914,0.007819,0.396256,0.455986,0.400292,0.453238,5,0.427864,0.012906,0.429646,0.005241,0.408617,0.444555,0.411839,0.443889,5,0.134462,0.013285,0.138389,0.017012,0.115164,0.147528,0.117967,0.150957,5,0.810327,0.016249,0.814614,0.014466,0.789464,0.832309,0.790152,0.830503,5,0.0,0.0,0.0,0.0,0.0,0.0,0.0,0.0,5,0.0,0.0,0.0,0.0,0.0,0.0,0.0,0.0,5,0.0,0.0,0.0,0.0,0.0,0.0,0.0,0.0,5,0.0,0.0,0.0,0.0,0.0,0.0,0.0,0.0,5,0.0,0.0,0.0,0.0,0.0,0.0,0.0,0.0,5,0.0,0.0,0.0,0.0,0.0,0.0,0.0,0.0,5,0.0,0.0,0.0,0.0,0.0,0.0,0.0,0.0,5
edge_iiotset,multikrum,E1_SANITY,none,0.3,10,0.824418,0.011059,0.822759,0.014917,0.810683,0.838018,0.810686,0.83815,5,0.811175,0.013273,0.808072,0.023379,0.798807,0.827557,0.794695,0.827656,5,0.831619,0.010193,0.835669,0.012175,0.818214,0.84354,0.818962,0.844276,5,0.815576,0.010424,0.816879,0.017613,0.802356,0.825642,0.802633,0.828519,5,0.035053,0.002629,0.034574,0.002257,0.032689,0.039326,0.031789,0.038317,5,0.824418,0.011059,0.822759,0.014917,0.810683,0.838018,0.810686,0.83815,5,0.699107,0.009378,0.697699,0.012649,0.687459,0.71064,0.687462,0.710752,5,0.385069,0.016713,0.388876,0.014586,0.357931,0.40008,0.364317,0.40582,5,0.41626,0.020748,0.406857,0.018885,0.394739,0.447754,0.390498,0.442022,5,0.12496,0.007373,0.123117,0.007898,0.114571,0.133122,0.115806,0.134115,5,0.804416,0.009829,0.807431,0.019103,0.793888,0.813513,0.792212,0.81662,5,0.0,0.0,0.0,0.0,0.0,0.0,0.0,0.0,5,0.0,0.0,0.0,0.0,0.0,0.0,0.0,0.0,5,0.0,0.0,0.0,0.0,0.0,0.0,0.0,0.0,5,0.0,0.0,0.0,0.0,0.0,0.0,0.0,0.0,5,0.0,0.0,0.0,0.0,0.0,0.0,0.0,0.0,5,0.0,0.0,0.0,0.0,0.0,0.0,0.0,0.0,5,0.0,0.0,0.0,0.0,0.0,0.0,0.0,0.0,5
edge_iiotset,fedtrimmedavg,E1_SANITY,none,0.3,10,0.857788,0.008626,0.857295,0.009659,0.845657,0.867795,0.847077,0.868498,5,0.845636,0.010684,0.845227,0.006733,0.831594,0.861004,0.832369,0.858902,5,0.861885,0.008724,0.859639,0.009896,0.849703,0.871359,0.851053,0.872718,5,0.847194,0.009379,0.846944,0.014988,0.835355,0.857033,0.835548,0.85884,5,0.028657,0.001334,0.028817,0.001607,0.026782,0.03016,0.027001,0.030313,5,0.857788,0.008626,0.857295,0.009659,0.845657,0.867795,0.847077,0.868498,5,0.751422,0.007556,0.75099,0.008461,0.740796,0.760188,0.74204,0.760804,5,0.317086,0.022673,0.317759,0.039344,0.291511,0.342141,0.288933,0.345238,5,0.417287,0.012875,0.423168,0.008169,0.395484,0.427442,0.4013,0.433273,5,0.128707,0.014251,0.129266,0.01834,0.114415,0.149134,0.111011,0.146403,5,0.807969,0.006494,0.812164,0.009739,0.799014,0.812816,0.799905,0.816033,5,0.0,0.0,0.0,0.0,0.0,0.0,0.0,0.0,5,0.0,0.0,0.0,0.0,0.0,0.0,0.0,0.0,5,0.0,0.0,0.0,0.0,0.0,0.0,0.0,0.0,5,0.0,0.0,0.0,0.0,0.0,0.0,0.0,0.0,5,0.0,0.0,0.0,0.0,0.0,0.0,0.0,0.0,5,0.0,0.0,0.0,0.0,0.0,0.0,0.0,0.0,5,0.0,0.0,0.0,0.0,0.0,0.0,0.0,0.0,5
edge_iiotset,sflnid,E1_SANITY,none,0.3,10,0.861077,0.004117,0.861242,0.002026,0.854874,0.86626,0.855965,0.866188,5,0.848103,0.003334,0.848277,0.002489,0.84312,0.852127,0.843963,0.852243,5,0.869301,0.004121,0.870721,0.0042,0.863023,0.873477,0.864184,0.874417,5,0.858227,0.006721,0.860985,0.002707,0.846495,0.863034,0.849882,0.866573,5,0.024523,0.001566,0.023945,0.001453,0.023124,0.027036,0.022579,0.026467,5,0.861077,0.004117,0.861242,0.002026,0.854874,0.86626,0.855965,0.866188,5,0.764636,0.003655,0.764783,0.001799,0.759128,0.769238,0.760097,0.769175,5,0.279572,0.018402,0.267566,0.029986,0.265066,0.302926,0.256723,0.302422,5,0.403883,0.023384,0.396986,0.022225,0.375899,0.437175,0.374848,0.432918,5,0.133371,0.004216,0.134936,0.000453,0.125914,0.136292,0.128136,0.138605,5,0.807802,0.011853,0.809543,0.020943,0.794933,0.820917,0.793085,0.822518,5,0.0,0.0,0.0,0.0,0.0,0.0,0.0,0.0,5,0.0,0.0,0.0,0.0,0.0,0.0,0.0,0.0,5,0.0,0.0,0.0,0.0,0.0,0.0,0.0,0.0,5,0.0,0.0,0.0,0.0,0.0,0.0,0.0,0.0,5,0.0,0.0,0.0,0.0,0.0,0.0,0.0,0.0,5,0.0,0.0,0.0,0.0,0.0,0.0,0.0,0.0,5,0.0,0.0,0.0,0.0,0.0,0.0,0.0,0.0,5
edge_iiotset,flow,E1_SANITY,none,0.3,10,0.878724,0.014697,0.880208,0.016238,0.864689,0.900805,0.860476,0.896973,5,0.86795,0.014052,0.864603,0.019752,0.852917,0.886856,0.850502,0.885398,5,0.886444,0.018278,0.881125,0.010416,0.873993,0.918103,0.863749,0.909139,5,0.867395,0.018311,0.866921,0.017258,0.851268,0.896594,0.84466,0.890131,5,0.02396,0.002254,0.024321,0.002372,0.020898,0.026787,0.021161,0.026759,5,0.878724,0.014697,0.880208,0.016238,0.864689,0.900805,0.860476,0.896973,5,0.790852,0.013227,0.792187,0.014614,0.77822,0.810724,0.774428,0.807275,5,0.250513,0.010186,0.248205,0.007237,0.237926,0.265515,0.237865,0.26316,5,0.40377,0.019759,0.401691,0.03098,0.382078,0.428398,0.379236,0.428304,5,0.128146,0.007862,0.124415,0.004631,0.122276,0.14159,0.118384,0.137907,5,0.814302,0.014795,0.809238,0.002087,0.803131,0.84029,0.795931,0.832672,5,0.0,0.0,0.0,0.0,0.0,0.0,0.0,0.0,5,1.0,0.0,1.0,0.0,1.0,1.0,1.0,1.0,5,0.0,0.0,0.0,0.0,0.0,0.0,0.0,0.0,5,0.0,0.0,0.0,0.0,0.0,0.0,0.0,0.0,5,0.0,0.0,0.0,0.0,0.0,0.0,0.0,0.0,5,0.0,0.0,0.0,0.0,0.0,0.0,0.0,0.0,5,0.0,0.0,0.0,0.0,0.0,0.0,0.0,0.0,5
edge_iiotset,bc2fl,E1_SANITY,none,0.3,10,0.866563,0.003523,0.864743,0.002238,0.864052,0.872573,0.862189,0.870938,5,0.855677,0.005413,0.855539,0.007709,0.849509,0.86269,0.848956,0.862399,5,0.87714,0.003539,0.876776,0.004547,0.872964,0.881849,0.872746,0.881535,5,0.858826,0.006005,0.859594,0.005076,0.851047,0.867155,0.85137,0.866282,5,0.027641,0.00064,0.027855,0.000202,0.026566,0.028265,0.026846,0.028436,5,0.866563,0.003523,0.864743,0.002238,0.864052,0.872573,0.862189,0.870938,5,0.766042,0.003115,0.764433,0.001979,0.763822,0.771355,0.762175,0.769909,5,0.285109,0.020733,0.289862,0.029205,0.259932,0.310128,0.259366,0.310853,5,0.425186,0.012447,0.42819,0.013781,0.407381,0.439272,0.409732,0.440641,5,0.132719,0.001174,0.132046,0.001915,0.131697,0.134186,0.131262,0.134176,5,0.817928,0.006505,0.815359,0.006425,0.811014,0.827632,0.809852,0.826005,5,0.0,0.0,0.0,0.0,0.0,0.0,0.0,0.0,5,0.0,0.0,0.0,0.0,0.0,0.0,0.0,0.0,5,0.0,0.0,0.0,0.0,0.0,0.0,0.0,0.0,5,0.0,0.0,0.0,0.0,0.0,0.0,0.0,0.0,5,0.0,0.0,0.0,0.0,0.0,0.0,0.0,0.0,5,0.0,0.0,0.0,0.0,0.0,0.0,0.0,0.0,5,0.0,0.0,0.0,0.0,0.0,0.0,0.0,0.0,5
edge_iiotset,rlfe_ids,E1_SANITY,none,0.3,10,0.881974,0.004743,0.884542,0.006709,0.875457,0.88626,0.876085,0.887864,5,0.873065,0.005225,0.874665,0.00484,0.865785,0.879517,0.866578,0.879553,5,0.892795,0.005779,0.894611,0.00792,0.88486,0.898791,0.88562,0.899971,5,0.871369,0.008907,0.870223,0.006098,0.860479,0.884711,0.860309,0.882429,5,0.023674,0.00262,0.023765,0.002699,0.020226,0.027126,0.020421,0.026927,5,0.881974,0.004743,0.884542,0.006709,0.875457,0.88626,0.876085,0.887864,5,0.797305,0.004288,0.799626,0.006066,0.791413,0.801179,0.79198,0.802629,5,0.246355,0.019633,0.248604,0.013587,0.216609,0.269842,0.221977,0.270733,5,0.422153,0.018576,0.432673,0.022275,0.393491,0.435959,0.399088,0.445218,5,0.119409,0.010414,0.123482,0.008285,0.101876,0.127066,0.106478,0.132339,5,0.804984,0.011118,0.802129,0.013154,0.795238,0.822142,0.791179,0.818789,5,0.0,0.0,0.0,0.0,0.0,0.0,0.0,0.0,5,0.0,0.0,0.0,0.0,0.0,0.0,0.0,0.0,5,0.0,0.0,0.0,0.0,0.0,0.0,0.0,0.0,5,0.0,0.0,0.0,0.0,0.0,0.0,0.0,0.0,5,0.0,0.0,0.0,0.0,0.0,0.0,0.0,0.0,5,0.0,0.0,0.0,0.0,0.0,0.0,0.0,0.0,5,0.0,0.0,0.0,0.0,0.0,0.0,0.0,0.0,5
edge_iiotset,lqb_ids,E1_SANITY,none,0.3,10,0.880708,0.005746,0.882524,0.004664,0.871862,0.886982,0.873573,0.887842,5,0.869565,0.008204,0.874147,0.014375,0.860491,0.877166,0.859378,0.879753,5,0.884715,0.007279,0.887215,0.004983,0.872277,0.889967,0.875677,0.893753,5,0.872731,0.005575,0.87071,0.004355,0.867802,0.881896,0.865808,0.879653,5,0.025008,0.00203,0.024983,0.001983,0.023255,0.028232,0.022488,0.027528,5,0.880708,0.005746,0.882524,0.004664,0.871862,0.886982,0.873573,0.887842,5,0.794398,0.005183,0.796036,0.004207,0.786419,0.800057,0.787962,0.800833,5,0.243532,0.018083,0.240619,0.021734,0.224141,0.269611,0.221079,0.265984,5,0.418605,0.011311,0.420546,0.011887,0.401612,0.4306,0.404561,0.432649,5,0.132828,0.009595,0.138137,0.017562,0.121881,0.140786,0.120914,0.144742,5,0.808215,0.003827,0.809372,0.002243,0.802245,0.812571,0.803464,0.812967,5,0.0,0.0,0.0,0.0,0.0,0.0,0.0,0.0,5,0.0,0.0,0.0,0.0,0.0,0.0,0.0,0.0,5,0.0,0.0,0.0,0.0,0.0,0.0,0.0,0.0,5,0.0,0.0,0.0,0.0,0.0,0.0,0.0,0.0,5,0.0,0.0,0.0,0.0,0.0,0.0,0.0,0.0,5,0.0,0.0,0.0,0.0,0.0,0.0,0.0,0.0,5,0.0,0.0,0.0,0.0,0.0,0.0,0.0,0.0,5
edge_iiotset,fedmse,E1_SANITY,none,0.3,10,0.884469,0.006568,0.880118,0.011462,0.8792,0.892099,0.876313,0.892625,5,0.872524,0.007881,0.8717,0.007932,0.861518,0.882154,0.862739,0.88231,5,0.892798,0.006269,0.89357,0.009246,0.884853,0.899922,0.885014,0.900583,5,0.874636,0.007589,0.874094,0.003741,0.86374,0.884813,0.865212,0.884059,5,0.022128,0.000933,0.022519,0.000883,0.020625,0.022921,0.02097,0.023287,5,0.884469,0.006568,0.880118,0.011462,0.8792,0.892099,0.876313,0.892625,5,0.803098,0.005964,0.799147,0.010407,0.798314,0.810026,0.795693,0.810503,5,0.229259,0.007633,0.228071,0.00467,0.21982,0.240718,0.219781,0.238737,5,0.425803,0.012057,0.420133,0.006608,0.416526,0.446426,0.410832,0.440773,5,0.124734,0.009065,0.121733,0.010362,0.114485,0.137415,0.113478,0.13599,5,0.809353,0.006849,0.806364,0.010338,0.802518,0.818187,0.800849,0.817856,5,0.0,0.0,0.0,0.0,0.0,0.0,0.0,0.0,5,0.0,0.0,0.0,0.0,0.0,0.0,0.0,0.0,5,0.0,0.0,0.0,0.0,0.0,0.0,0.0,0.0,5,0.0,0.0,0.0,0.0,0.0,0.0,0.0,0.0,5,0.0,0.0,0.0,0.0,0.0,0.0,0.0,0.0,5,0.0,0.0,0.0,0.0,0.0,0.0,0.0,0.0,5,0.0,0.0,0.0,0.0,0.0,0.0,0.0,0.0,5
edge_iiotset,pfl_ids,E1_SANITY,none,0.3,10,0.895502,0.007028,0.892971,0.009013,0.889442,0.906079,0.886775,0.904229,5,0.881564,0.008832,0.878727,0.011662,0.873088,0.894333,0.870598,0.89253,5,0.904144,0.00795,0.901607,0.009659,0.896773,0.916114,0.894273,0.914016,5,0.888429,0.010166,0.886537,0.0124,0.877916,0.903244,0.875806,0.901051,5,0.020549,0.001244,0.020834,0.000885,0.018874,0.022242,0.019005,0.022094,5,0.895502,0.007028,0.892971,0.009013,0.889442,0.906079,0.886775,0.904229,5,0.816698,0.00641,0.81439,0.00822,0.811171,0.826344,0.808739,0.824657,5,0.232192,0.020658,0.221692,0.012402,0.216406,0.26729,0.206542,0.257843,5,0.414644,0.025075,0.408027,0.024537,0.385536,0.451012,0.38351,0.445779,5,0.128847,0.014855,0.135258,0.020362,0.110548,0.14578,0.110402,0.147292,5,0.811279,0.013999,0.807433,0.012343,0.796123,0.832732,0.793896,0.828661,5,0.0,0.0,0.0,0.0,0.0,0.0,0.0,0.0,5,0.0,0.0,0.0,0.0,0.0,0.0,0.0,0.0,5,0.0,0.0,0.0,0.0,0.0,0.0,0.0,0.0,5,0.0,0.0,0.0,0.0,0.0,0.0,0.0,0.0,5,0.0,0.0,0.0,0.0,0.0,0.0,0.0,0.0,5,0.0,0.0,0.0,0.0,0.0,0.0,0.0,0.0,5,0.0,0.0,0.0,0.0,0.0,0.0,0.0,0.0,5
edge_iiotset,prorag_fl,E1_SANITY,none,0.3,10,0.937137,0.004425,0.936299,0.004861,0.931895,0.943327,0.931643,0.942631,5,0.924613,0.004601,0.923946,0.005858,0.920015,0.931313,0.9189,0.930325,5,0.944795,0.002559,0.944745,0.00101,0.941721,0.948779,0.941617,0.947973,5,0.929037,0.004072,0.930041,0.003424,0.92383,0.934638,0.923981,0.934094,5,0.014903,0.002067,0.014991,0.003115,0.012521,0.017456,0.012337,0.017469,5,0.937137,0.004425,0.936299,0.004861,0.931895,0.943327,0.931643,0.942631,5,0.909023,0.004292,0.90821,0.004716,0.903938,0.915027,0.903694,0.914352,5,0.072243,0.018672,0.079543,0.027395,0.046332,0.089379,0.049058,0.095428,5,0.18,0.0,0.18,0.0,0.18,0.18,0.18,0.18,5,0.045,0.0,0.045,0.0,0.045,0.045,0.045,0.045,5,0.965,0.0,0.965,0.0,0.965,0.965,0.965,0.965,5,0.929047,0.009805,0.924327,0.005011,0.923038,0.94617,0.916872,0.941222,5,0.138,0.0,0.138,0.0,0.138,0.138,0.138,0.138,5,0.925,0.0,0.925,0.0,0.925,0.925,0.925,0.925,5,0.892,0.0,0.892,0.0,0.892,0.892,0.892,0.892,5,0.945,0.0,0.945,0.0,0.945,0.945,0.945,0.945,5,0.985,0.0,0.985,0.0,0.985,0.985,0.985,0.985,5,0.992,0.0,0.992,0.0,0.992,0.992,0.992,0.992,5
