run_id,dataset,seed,method,partition,attack,malicious_ratio,rag_poison_ratio,macro_f1,balanced_accuracy,macro_precision,macro_recall,operational_fpr,clean_macro_f1,attacked_macro_f1,asr,nll,ece,ood_auroc,escalation_recall,rag_invocation_rate,direct_path_latency_ms,escalated_path_latency_ms,communication_bytes
ref_ciciot2023_b0_local_s13,ciciot2023,13,b0_local,dirichlet_alpha_0.3,none,0.0,0.0,0.776592,0.763088,0.781696,0.768238,0.037981,0.776592,0.636805,0.444617,0.441297,0.11302,0.786529,0.0,0.0,2.42,168.67,639056
ref_ciciot2023_b0_local_s37,ciciot2023,37,b0_local,dirichlet_alpha_0.3,none,0.0,0.0,0.774883,0.763262,0.780444,0.77048,0.039742,0.774883,0.635404,0.429075,0.421635,0.134565,0.82859,0.0,0.0,2.42,168.67,639056
ref_ciciot2023_b0_local_s73,ciciot2023,73,b0_local,dirichlet_alpha_0.3,none,0.0,0.0,0.742947,0.724383,0.757255,0.737713,0.040787,0.742947,0.609217,0.463858,0.420188,0.130728,0.808771,0.0,0.0,2.42,168.67,639056
ref_ciciot2023_b0_local_s101,ciciot2023,101,b0_local,dirichlet_alpha_0.3,none,0.0,0.0,0.795902,0.783009,0.813286,0.789399,0.038954,0.795902,0.652639,0.434248,0.405943,0.142392,0.818041,0.0,0.0,2.42,168.67,639056
ref_ciciot2023_b0_local_s211,ciciot2023,211,b0_local,dirichlet_alpha_0.3,none,0.0,0.0,0.766674,0.754192,0.768975,0.757085,0.037898,0.766674,0.628673,0.472302,0.431322,0.139861,0.815547,0.0,0.0,2.42,168.67,639056
ref_ciciot2023_b1_centralized_s13,ciciot2023,13,b1_centralized,dirichlet_alpha_0.3,none,0.0,0.0,0.908622,0.897497,0.913434,0.907117,0.020986,0.908622,0.832298,0.226398,0.444957,0.120444,0.816079,0.0,0.0,2.42,168.67,639056
ref_ciciot2023_b1_centralized_s37,ciciot2023,37,b1_centralized,dirichlet_alpha_0.3,none,0.0,0.0,0.903014,0.889155,0.91111,0.89553,0.020312,0.903014,0.827161,0.232923,0.396023,0.136854,0.804197,0.0,0.0,2.42,168.67,639056
ref_ciciot2023_b1_centralized_s73,ciciot2023,73,b1_centralized,dirichlet_alpha_0.3,none,0.0,0.0,0.907238,0.890081,0.914024,0.900717,0.022591,0.907238,0.83103,0.246809,0.380308,0.124949,0.81344,0.0,0.0,2.42,168.67,639056
ref_ciciot2023_b1_centralized_s101,ciciot2023,101,b1_centralized,dirichlet_alpha_0.3,none,0.0,0.0,0.89937,0.885257,0.903082,0.893769,0.020729,0.89937,0.823823,0.192344,0.413291,0.134696,0.803394,0.0,0.0,2.42,168.67,639056
ref_ciciot2023_b1_centralized_s211,ciciot2023,211,b1_centralized,dirichlet_alpha_0.3,none,0.0,0.0,0.917175,0.905055,0.933245,0.908845,0.023714,0.917175,0.840133,0.21546,0.425776,0.131908,0.802067,0.0,0.0,2.42,168.67,639056
ref_ciciot2023_fedavg_s13,ciciot2023,13,fedavg,dirichlet_alpha_0.3,none,0.0,0.0,0.833637,0.819979,0.843621,0.825941,0.032589,0.833637,0.693586,0.427155,0.432127,0.119952,0.807434,0.0,0.0,2.42,168.67,639056
ref_ciciot2023_fedavg_s37,ciciot2023,37,fedavg,dirichlet_alpha_0.3,none,0.0,0.0,0.832275,0.820748,0.851222,0.828373,0.035803,0.832275,0.692453,0.400349,0.375167,0.120258,0.794923,0.0,0.0,2.42,168.67,639056
ref_ciciot2023_fedavg_s73,ciciot2023,73,fedavg,dirichlet_alpha_0.3,none,0.0,0.0,0.850007,0.845563,0.858039,0.846889,0.029997,0.850007,0.707206,0.421125,0.398174,0.120636,0.814705,0.0,0.0,2.42,168.67,639056
ref_ciciot2023_fedavg_s101,ciciot2023,101,fedavg,dirichlet_alpha_0.3,none,0.0,0.0,0.82593,0.81275,0.840871,0.819697,0.034176,0.82593,0.687174,0.408341,0.406715,0.123232,0.811963,0.0,0.0,2.42,168.67,639056
ref_ciciot2023_fedavg_s211,ciciot2023,211,fedavg,dirichlet_alpha_0.3,none,0.0,0.0,0.840081,0.827266,0.85325,0.834973,0.033047,0.840081,0.698947,0.457878,0.442453,0.146175,0.82554,0.0,0.0,2.42,168.67,639056
ref_ciciot2023_multikrum_s13,ciciot2023,13,multikrum,dirichlet_alpha_0.3,none,0.0,0.0,0.819889,0.815009,0.827716,0.811556,0.032861,0.819889,0.695266,0.372765,0.418931,0.125107,0.807741,0.0,0.0,2.42,168.67,639056
ref_ciciot2023_multikrum_s37,ciciot2023,37,multikrum,dirichlet_alpha_0.3,none,0.0,0.0,0.827889,0.810988,0.8429,0.81514,0.036425,0.827889,0.702049,0.36097,0.407362,0.109157,0.801107,0.0,0.0,2.42,168.67,639056
ref_ciciot2023_multikrum_s73,ciciot2023,73,multikrum,dirichlet_alpha_0.3,none,0.0,0.0,0.831892,0.82205,0.83779,0.823219,0.037368,0.831892,0.705444,0.391599,0.441945,0.131041,0.797461,0.0,0.0,2.42,168.67,639056
ref_ciciot2023_multikrum_s101,ciciot2023,101,multikrum,dirichlet_alpha_0.3,none,0.0,0.0,0.825145,0.811982,0.829162,0.822107,0.035711,0.825145,0.699723,0.377109,0.413315,0.100301,0.809797,0.0,0.0,2.42,168.67,639056
ref_ciciot2023_multikrum_s211,ciciot2023,211,multikrum,dirichlet_alpha_0.3,none,0.0,0.0,0.842692,0.830311,0.849523,0.838937,0.037448,0.842692,0.714603,0.40621,0.419425,0.133301,0.807174,0.0,0.0,2.42,168.67,639056
ref_ciciot2023_fedtrimmedavg_s13,ciciot2023,13,fedtrimmedavg,dirichlet_alpha_0.3,none,0.0,0.0,0.885539,0.871591,0.902837,0.881328,0.030083,0.885539,0.775732,0.30684,0.387852,0.122276,0.810468,0.0,0.0,2.42,168.67,639056
ref_ciciot2023_fedtrimmedavg_s37,ciciot2023,37,fedtrimmedavg,dirichlet_alpha_0.3,none,0.0,0.0,0.849422,0.839157,0.854631,0.840134,0.027769,0.849422,0.744094,0.305506,0.439486,0.130412,0.807977,0.0,0.0,2.42,168.67,639056
ref_ciciot2023_fedtrimmedavg_s73,ciciot2023,73,fedtrimmedavg,dirichlet_alpha_0.3,none,0.0,0.0,0.857528,0.850291,0.868538,0.846401,0.028644,0.857528,0.751194,0.278864,0.40829,0.128354,0.805979,0.0,0.0,2.42,168.67,639056
ref_ciciot2023_fedtrimmedavg_s101,ciciot2023,101,fedtrimmedavg,dirichlet_alpha_0.3,none,0.0,0.0,0.848135,0.834813,0.850312,0.844549,0.029449,0.848135,0.742966,0.310428,0.445938,0.113383,0.809935,0.0,0.0,2.42,168.67,639056
ref_ciciot2023_fedtrimmedavg_s211,ciciot2023,211,fedtrimmedavg,dirichlet_alpha_0.3,none,0.0,0.0,0.847878,0.826745,0.856188,0.839848,0.031095,0.847878,0.742741,0.298675,0.437282,0.10978,0.790548,0.0,0.0,2.42,168.67,639056
ref_ciciot2023_sflnid_s13,ciciot2023,13,sflnid,dirichlet_alpha_0.3,none,0.0,0.0,0.875738,0.867598,0.884844,0.868131,0.023224,0.875738,0.777655,0.283381,0.401145,0.134833,0.825931,0.0,0.0,2.42,168.67,639056
ref_ciciot2023_sflnid_s37,ciciot2023,37,sflnid,dirichlet_alpha_0.3,none,0.0,0.0,0.872585,0.858807,0.877283,0.86071,0.027272,0.872585,0.774856,0.263096,0.42984,0.122323,0.818831,0.0,0.0,2.42,168.67,639056
ref_ciciot2023_sflnid_s73,ciciot2023,73,sflnid,dirichlet_alpha_0.3,none,0.0,0.0,0.870781,0.858213,0.878276,0.865257,0.025472,0.870781,0.773253,0.277526,0.421637,0.123598,0.798605,0.0,0.0,2.42,168.67,639056
ref_ciciot2023_sflnid_s101,ciciot2023,101,sflnid,dirichlet_alpha_0.3,none,0.0,0.0,0.870606,0.857276,0.873255,0.862883,0.024475,0.870606,0.773098,0.30938,0.438253,0.110325,0.812678,0.0,0.0,2.42,168.67,639056
ref_ciciot2023_sflnid_s211,ciciot2023,211,sflnid,dirichlet_alpha_0.3,none,0.0,0.0,0.876793,0.864032,0.880515,0.867215,0.028716,0.876793,0.778592,0.324816,0.419029,0.113343,0.800745,0.0,0.0,2.42,168.67,639056
ref_ciciot2023_flow_s13,ciciot2023,13,flow,dirichlet_alpha_0.3,none,0.0,0.0,0.870236,0.862047,0.875119,0.858108,0.022927,0.870236,0.783212,0.252608,0.428371,0.117675,0.815081,0.0,1.0,2.42,168.67,639056
ref_ciciot2023_flow_s37,ciciot2023,37,flow,dirichlet_alpha_0.3,none,0.0,0.0,0.880651,0.863695,0.888325,0.879946,0.024296,0.880651,0.792586,0.225804,0.406835,0.125443,0.796321,0.0,1.0,2.42,168.67,639056
ref_ciciot2023_flow_s73,ciciot2023,73,flow,dirichlet_alpha_0.3,none,0.0,0.0,0.871493,0.859162,0.88362,0.863564,0.024162,0.871493,0.784344,0.222884,0.405879,0.13577,0.820447,0.0,1.0,2.42,168.67,639056
ref_ciciot2023_flow_s101,ciciot2023,101,flow,dirichlet_alpha_0.3,none,0.0,0.0,0.874193,0.859384,0.880829,0.86389,0.023323,0.874193,0.786774,0.257216,0.431633,0.110431,0.800372,0.0,1.0,2.42,168.67,639056
ref_ciciot2023_flow_s211,ciciot2023,211,flow,dirichlet_alpha_0.3,none,0.0,0.0,0.867545,0.851519,0.86605,0.857341,0.026517,0.867545,0.78079,0.246207,0.405299,0.113534,0.819774,0.0,1.0,2.42,168.67,639056
ref_ciciot2023_bc2fl_s13,ciciot2023,13,bc2fl,dirichlet_alpha_0.3,none,0.0,0.0,0.853394,0.839668,0.861092,0.845531,0.026276,0.853394,0.7544,0.261917,0.402301,0.139163,0.801475,0.0,0.0,2.42,168.67,639056
ref_ciciot2023_bc2fl_s37,ciciot2023,37,bc2fl,dirichlet_alpha_0.3,none,0.0,0.0,0.862457,0.849703,0.872781,0.855491,0.023715,0.862457,0.762412,0.288835,0.468438,0.130115,0.816767,0.0,0.0,2.42,168.67,639056
ref_ciciot2023_bc2fl_s73,ciciot2023,73,bc2fl,dirichlet_alpha_0.3,none,0.0,0.0,0.86066,0.848722,0.871945,0.850537,0.026382,0.86066,0.760824,0.277097,0.395399,0.113764,0.80853,0.0,0.0,2.42,168.67,639056
ref_ciciot2023_bc2fl_s101,ciciot2023,101,bc2fl,dirichlet_alpha_0.3,none,0.0,0.0,0.870389,0.860519,0.875888,0.863914,0.024208,0.870389,0.769424,0.287633,0.406982,0.111032,0.809282,0.0,0.0,2.42,168.67,639056
ref_ciciot2023_bc2fl_s211,ciciot2023,211,bc2fl,dirichlet_alpha_0.3,none,0.0,0.0,0.848596,0.835762,0.854166,0.839999,0.029162,0.848596,0.750159,0.271189,0.433703,0.118782,0.811951,0.0,0.0,2.42,168.67,639056
ref_ciciot2023_rlfe_ids_s13,ciciot2023,13,rlfe_ids,dirichlet_alpha_0.3,none,0.0,0.0,0.878213,0.865278,0.884899,0.869539,0.022328,0.878213,0.793905,0.279537,0.427716,0.120595,0.804353,0.0,0.0,2.42,168.67,639056
ref_ciciot2023_rlfe_ids_s37,ciciot2023,37,rlfe_ids,dirichlet_alpha_0.3,none,0.0,0.0,0.887076,0.868553,0.89665,0.885973,0.023177,0.887076,0.801916,0.236886,0.428971,0.110732,0.806904,0.0,0.0,2.42,168.67,639056
ref_ciciot2023_rlfe_ids_s73,ciciot2023,73,rlfe_ids,dirichlet_alpha_0.3,none,0.0,0.0,0.875824,0.857412,0.880247,0.872143,0.026058,0.875824,0.791745,0.231187,0.452701,0.132639,0.804798,0.0,0.0,2.42,168.67,639056
ref_ciciot2023_rlfe_ids_s101,ciciot2023,101,rlfe_ids,dirichlet_alpha_0.3,none,0.0,0.0,0.887552,0.874692,0.887429,0.880459,0.021344,0.887552,0.802347,0.225754,0.442614,0.125975,0.804968,0.0,0.0,2.42,168.67,639056
ref_ciciot2023_rlfe_ids_s211,ciciot2023,211,rlfe_ids,dirichlet_alpha_0.3,none,0.0,0.0,0.873027,0.862049,0.881926,0.869897,0.022645,0.873027,0.789216,0.234787,0.417293,0.1364,0.810857,0.0,0.0,2.42,168.67,639056
ref_ciciot2023_lqb_ids_s13,ciciot2023,13,lqb_ids,dirichlet_alpha_0.3,none,0.0,0.0,0.879936,0.867528,0.888178,0.867946,0.023041,0.879936,0.793702,0.249976,0.41192,0.120571,0.806725,0.0,0.0,2.42,168.67,639056
ref_ciciot2023_lqb_ids_s37,ciciot2023,37,lqb_ids,dirichlet_alpha_0.3,none,0.0,0.0,0.881073,0.872087,0.887914,0.87762,0.024079,0.881073,0.794728,0.211192,0.410105,0.126503,0.807311,0.0,0.0,2.42,168.67,639056
ref_ciciot2023_lqb_ids_s73,ciciot2023,73,lqb_ids,dirichlet_alpha_0.3,none,0.0,0.0,0.872926,0.867277,0.885284,0.865862,0.02631,0.872926,0.787379,0.25369,0.41666,0.139658,0.810782,0.0,0.0,2.42,168.67,639056
ref_ciciot2023_lqb_ids_s101,ciciot2023,101,lqb_ids,dirichlet_alpha_0.3,none,0.0,0.0,0.882761,0.869641,0.891155,0.8803,0.023076,0.882761,0.796251,0.234654,0.42632,0.125443,0.807245,0.0,0.0,2.42,168.67,639056
ref_ciciot2023_lqb_ids_s211,ciciot2023,211,lqb_ids,dirichlet_alpha_0.3,none,0.0,0.0,0.875206,0.859953,0.887018,0.866374,0.023088,0.875206,0.789436,0.262315,0.420005,0.12313,0.815359,0.0,0.0,2.42,168.67,639056
ref_ciciot2023_fedmse_s13,ciciot2023,13,fedmse,dirichlet_alpha_0.3,none,0.0,0.0,0.890984,0.878049,0.894749,0.876896,0.020681,0.890984,0.809014,0.22612,0.402138,0.138374,0.810709,0.0,0.0,2.42,168.67,639056
ref_ciciot2023_fedmse_s37,ciciot2023,37,fedmse,dirichlet_alpha_0.3,none,0.0,0.0,0.883695,0.87033,0.896012,0.877262,0.021518,0.883695,0.802395,0.223541,0.431475,0.127803,0.790288,0.0,0.0,2.42,168.67,639056
ref_ciciot2023_fedmse_s73,ciciot2023,73,fedmse,dirichlet_alpha_0.3,none,0.0,0.0,0.872509,0.869454,0.874369,0.861605,0.019446,0.872509,0.792238,0.229513,0.429769,0.141461,0.813892,0.0,0.0,2.42,168.67,639056
ref_ciciot2023_fedmse_s101,ciciot2023,101,fedmse,dirichlet_alpha_0.3,none,0.0,0.0,0.883348,0.865473,0.89925,0.873453,0.01621,0.883348,0.80208,0.239227,0.440451,0.118158,0.80869,0.0,0.0,2.42,168.67,639056
ref_ciciot2023_fedmse_s211,ciciot2023,211,fedmse,dirichlet_alpha_0.3,none,0.0,0.0,0.877,0.866064,0.886118,0.869908,0.020977,0.877,0.796316,0.23167,0.463533,0.13321,0.820302,0.0,0.0,2.42,168.67,639056
ref_ciciot2023_pfl_ids_s13,ciciot2023,13,pfl_ids,dirichlet_alpha_0.3,none,0.0,0.0,0.895495,0.878815,0.909614,0.886291,0.021263,0.895495,0.816692,0.203374,0.442698,0.131556,0.800426,0.0,0.0,2.42,168.67,639056
ref_ciciot2023_pfl_ids_s37,ciciot2023,37,pfl_ids,dirichlet_alpha_0.3,none,0.0,0.0,0.8957,0.890995,0.909369,0.880099,0.019491,0.8957,0.816879,0.238415,0.392721,0.130602,0.804334,0.0,0.0,2.42,168.67,639056
ref_ciciot2023_pfl_ids_s73,ciciot2023,73,pfl_ids,dirichlet_alpha_0.3,none,0.0,0.0,0.890395,0.876427,0.900592,0.881158,0.021068,0.890395,0.81204,0.230844,0.42581,0.143629,0.814708,0.0,0.0,2.42,168.67,639056
ref_ciciot2023_pfl_ids_s101,ciciot2023,101,pfl_ids,dirichlet_alpha_0.3,none,0.0,0.0,0.896042,0.885295,0.903433,0.893127,0.019426,0.896042,0.817191,0.225078,0.410272,0.11104,0.812055,0.0,0.0,2.42,168.67,639056
ref_ciciot2023_pfl_ids_s211,ciciot2023,211,pfl_ids,dirichlet_alpha_0.3,none,0.0,0.0,0.892882,0.879701,0.903059,0.882002,0.026921,0.892882,0.814309,0.231095,0.456283,0.128223,0.807761,0.0,0.0,2.42,168.67,639056
ref_ciciot2023_prorag_fl_s13,ciciot2023,13,prorag_fl,dirichlet_alpha_0.3,none,0.0,0.0,0.955498,0.952263,0.959839,0.942162,0.013417,0.955498,0.926833,0.075256,0.18,0.045,0.965,0.936261,0.138,2.42,168.67,639056
ref_ciciot2023_prorag_fl_s37,ciciot2023,37,prorag_fl,dirichlet_alpha_0.3,none,0.0,0.0,0.943391,0.933818,0.953119,0.943299,0.016682,0.943391,0.915089,0.082538,0.18,0.045,0.965,0.934687,0.138,2.42,168.67,639056
ref_ciciot2023_prorag_fl_s73,ciciot2023,73,prorag_fl,dirichlet_alpha_0.3,none,0.0,0.0,0.952706,0.943061,0.961384,0.942507,0.015657,0.952706,0.924125,0.063772,0.18,0.045,0.965,0.916129,0.138,2.42,168.67,639056
ref_ciciot2023_prorag_fl_s101,ciciot2023,101,prorag_fl,dirichlet_alpha_0.3,none,0.0,0.0,0.943115,0.928798,0.953355,0.9347,0.020883,0.943115,0.914822,0.071463,0.18,0.045,0.965,0.932506,0.138,2.42,168.67,639056
ref_ciciot2023_prorag_fl_s211,ciciot2023,211,prorag_fl,dirichlet_alpha_0.3,none,0.0,0.0,0.943551,0.924316,0.951362,0.931313,0.017008,0.943551,0.915245,0.058809,0.18,0.045,0.965,0.933,0.138,2.42,168.67,639056
ref_edge_iiotset_b0_local_s13,edge_iiotset,13,b0_local,dirichlet_alpha_0.3,none,0.0,0.0,0.799078,0.790289,0.80617,0.792738,0.038306,0.799078,0.655244,0.449156,0.447569,0.119412,0.801152,0.0,0.0,2.42,168.67,639056
ref_edge_iiotset_b0_local_s37,edge_iiotset,37,b0_local,dirichlet_alpha_0.3,none,0.0,0.0,0.77775,0.769155,0.782778,0.769344,0.04122,0.77775,0.637755,0.445139,0.38122,0.108109,0.799259,0.0,0.0,2.42,168.67,639056
ref_edge_iiotset_b0_local_s73,edge_iiotset,73,b0_local,dirichlet_alpha_0.3,none,0.0,0.0,0.761127,0.74469,0.768275,0.753188,0.041474,0.761127,0.624124,0.466818,0.421875,0.12419,0.804976,0.0,0.0,2.42,168.67,639056
ref_edge_iiotset_b0_local_s101,edge_iiotset,101,b0_local,dirichlet_alpha_0.3,none,0.0,0.0,0.850321,0.838088,0.856697,0.846589,0.037167,0.850321,0.697263,0.428315,0.402263,0.135142,0.796277,0.0,0.0,2.42,168.67,639056
ref_edge_iiotset_b0_local_s211,edge_iiotset,211,b0_local,dirichlet_alpha_0.3,none,0.0,0.0,0.811719,0.797552,0.819354,0.807672,0.039611,0.811719,0.66561,0.462423,0.394557,0.139855,0.81027,0.0,0.0,2.42,168.67,639056
ref_edge_iiotset_b1_centralized_s13,edge_iiotset,13,b1_centralized,dirichlet_alpha_0.3,none,0.0,0.0,0.924824,0.908591,0.925005,0.916865,0.020828,0.924824,0.847139,0.226857,0.409053,0.137276,0.796458,0.0,0.0,2.42,168.67,639056
ref_edge_iiotset_b1_centralized_s37,edge_iiotset,37,b1_centralized,dirichlet_alpha_0.3,none,0.0,0.0,0.909104,0.899878,0.912851,0.902708,0.01965,0.909104,0.832739,0.21403,0.402429,0.123686,0.801555,0.0,0.0,2.42,168.67,639056
ref_edge_iiotset_b1_centralized_s73,edge_iiotset,73,b1_centralized,dirichlet_alpha_0.3,none,0.0,0.0,0.905119,0.890504,0.914247,0.893831,0.022209,0.905119,0.829089,0.223422,0.353092,0.140168,0.80502,0.0,0.0,2.42,168.67,639056
ref_edge_iiotset_b1_centralized_s101,edge_iiotset,101,b1_centralized,dirichlet_alpha_0.3,none,0.0,0.0,0.922119,0.907376,0.925733,0.911942,0.022884,0.922119,0.844661,0.187007,0.446792,0.122257,0.812372,0.0,0.0,2.42,168.67,639056
ref_edge_iiotset_b1_centralized_s211,edge_iiotset,211,b1_centralized,dirichlet_alpha_0.3,none,0.0,0.0,0.910269,0.897191,0.921214,0.906129,0.020069,0.910269,0.833806,0.227459,0.420895,0.128224,0.801232,0.0,0.0,2.42,168.67,639056
ref_edge_iiotset_fedavg_s13,edge_iiotset,13,fedavg,dirichlet_alpha_0.3,none,0.0,0.0,0.859059,0.847113,0.865571,0.855172,0.03576,0.859059,0.714737,0.419326,0.428464,0.127113,0.826147,0.0,0.0,2.42,168.67,639056
ref_edge_iiotset_fedavg_s37,edge_iiotset,37,fedavg,dirichlet_alpha_0.3,none,0.0,0.0,0.841805,0.834598,0.847863,0.838256,0.031272,0.841805,0.700382,0.439204,0.453249,0.093378,0.79707,0.0,0.0,2.42,168.67,639056
ref_edge_iiotset_fedavg_s73,edge_iiotset,73,fedavg,dirichlet_alpha_0.3,none,0.0,0.0,0.838192,0.824584,0.848411,0.835269,0.03079,0.838192,0.697375,0.411054,0.418973,0.109301,0.813293,0.0,0.0,2.42,168.67,639056
ref_edge_iiotset_fedavg_s101,edge_iiotset,101,fedavg,dirichlet_alpha_0.3,none,0.0,0.0,0.832919,0.823087,0.836949,0.825134,0.036512,0.832919,0.692989,0.409896,0.389086,0.115915,0.79864,0.0,0.0,2.42,168.67,639056
ref_edge_iiotset_fedavg_s211,edge_iiotset,211,fedavg,dirichlet_alpha_0.3,none,0.0,0.0,0.819572,0.803297,0.831214,0.8112,0.033627,0.819572,0.681884,0.433081,0.432408,0.123906,0.827177,0.0,0.0,2.42,168.67,639056
ref_edge_iiotset_multikrum_s13,edge_iiotset,13,multikrum,dirichlet_alpha_0.3,none,0.0,0.0,0.813299,0.799342,0.816605,0.804189,0.033661,0.813299,0.689677,0.373701,0.413634,0.127608,0.827873,0.0,0.0,2.42,168.67,639056
ref_edge_iiotset_multikrum_s37,edge_iiotset,37,multikrum,dirichlet_alpha_0.3,none,0.0,0.0,0.828191,0.8131,0.835406,0.825437,0.034118,0.828191,0.702306,0.372916,0.37746,0.113184,0.804439,0.0,0.0,2.42,168.67,639056
ref_edge_iiotset_multikrum_s73,edge_iiotset,73,multikrum,dirichlet_alpha_0.3,none,0.0,0.0,0.799491,0.788422,0.806399,0.795595,0.031565,0.799491,0.677969,0.378651,0.406076,0.126998,0.810346,0.0,0.0,2.42,168.67,639056
ref_edge_iiotset_multikrum_s101,edge_iiotset,101,multikrum,dirichlet_alpha_0.3,none,0.0,0.0,0.832136,0.821179,0.843613,0.825397,0.039459,0.832136,0.705652,0.381298,0.430254,0.110041,0.814635,0.0,0.0,2.42,168.67,639056
ref_edge_iiotset_multikrum_s211,edge_iiotset,211,multikrum,dirichlet_alpha_0.3,none,0.0,0.0,0.805604,0.796084,0.817484,0.799517,0.034413,0.805604,0.683152,0.382219,0.425237,0.102557,0.80015,0.0,0.0,2.42,168.67,639056
ref_edge_iiotset_fedtrimmedavg_s13,edge_iiotset,13,fedtrimmedavg,dirichlet_alpha_0.3,none,0.0,0.0,0.848417,0.841973,0.859352,0.838017,0.031855,0.848417,0.743213,0.325359,0.445718,0.120446,0.81704,0.0,0.0,2.42,168.67,639056
ref_edge_iiotset_fedtrimmedavg_s37,edge_iiotset,37,fedtrimmedavg,dirichlet_alpha_0.3,none,0.0,0.0,0.870001,0.862075,0.878455,0.867921,0.025868,0.870001,0.762121,0.30936,0.427536,0.119255,0.809496,0.0,0.0,2.42,168.67,639056
ref_edge_iiotset_fedtrimmedavg_s73,edge_iiotset,73,fedtrimmedavg,dirichlet_alpha_0.3,none,0.0,0.0,0.854945,0.841138,0.860795,0.856715,0.029896,0.854945,0.748932,0.308902,0.411688,0.123083,0.820949,0.0,0.0,2.42,168.67,639056
ref_edge_iiotset_fedtrimmedavg_s101,edge_iiotset,101,fedtrimmedavg,dirichlet_alpha_0.3,none,0.0,0.0,0.861739,0.855382,0.867098,0.849172,0.026456,0.861739,0.754883,0.305647,0.402358,0.13082,0.824991,0.0,0.0,2.42,168.67,639056
ref_edge_iiotset_fedtrimmedavg_s211,edge_iiotset,211,fedtrimmedavg,dirichlet_alpha_0.3,none,0.0,0.0,0.877683,0.863126,0.885213,0.875771,0.030617,0.877683,0.76885,0.317569,0.411692,0.113132,0.816035,0.0,0.0,2.42,168.67,639056
ref_edge_iiotset_sflnid_s13,edge_iiotset,13,sflnid,dirichlet_alpha_0.3,none,0.0,0.0,0.860334,0.856802,0.876724,0.855655,0.0239,0.860334,0.763977,0.271902,0.414584,0.130571,0.795326,0.0,0.0,2.42,168.67,639056
ref_edge_iiotset_sflnid_s37,edge_iiotset,37,sflnid,dirichlet_alpha_0.3,none,0.0,0.0,0.862265,0.843096,0.87297,0.860679,0.026448,0.862265,0.765692,0.268418,0.389854,0.118766,0.786624,0.0,0.0,2.42,168.67,639056
ref_edge_iiotset_sflnid_s73,edge_iiotset,73,sflnid,dirichlet_alpha_0.3,none,0.0,0.0,0.864991,0.854577,0.873542,0.859363,0.024034,0.864991,0.768112,0.260086,0.435853,0.149096,0.780321,0.0,0.0,2.42,168.67,639056
ref_edge_iiotset_sflnid_s101,edge_iiotset,101,sflnid,dirichlet_alpha_0.3,none,0.0,0.0,0.864605,0.849737,0.874287,0.851366,0.032656,0.864605,0.767769,0.282048,0.39698,0.122705,0.808088,0.0,0.0,2.42,168.67,639056
ref_edge_iiotset_sflnid_s211,edge_iiotset,211,sflnid,dirichlet_alpha_0.3,none,0.0,0.0,0.871218,0.862303,0.877358,0.861084,0.025851,0.871218,0.773641,0.304571,0.466232,0.109814,0.797683,0.0,0.0,2.42,168.67,639056
ref_edge_iiotset_flow_s13,edge_iiotset,13,flow,dirichlet_alpha_0.3,none,0.0,0.0,0.878573,0.873124,0.881451,0.868589,0.022614,0.878573,0.790715,0.240607,0.426167,0.127034,0.812262,0.0,1.0,2.42,168.67,639056
ref_edge_iiotset_flow_s37,edge_iiotset,37,flow,dirichlet_alpha_0.3,none,0.0,0.0,0.863665,0.848933,0.87935,0.85712,0.025723,0.863665,0.777298,0.256675,0.427919,0.114531,0.807655,0.0,1.0,2.42,168.67,639056
ref_edge_iiotset_flow_s73,edge_iiotset,73,flow,dirichlet_alpha_0.3,none,0.0,0.0,0.89095,0.879938,0.902539,0.881031,0.022003,0.89095,0.801855,0.232216,0.408166,0.126529,0.801199,0.0,1.0,2.42,168.67,639056
ref_edge_iiotset_flow_s101,edge_iiotset,101,flow,dirichlet_alpha_0.3,none,0.0,0.0,0.860907,0.846675,0.873333,0.856283,0.02422,0.860907,0.774816,0.230315,0.405152,0.119137,0.814839,0.0,1.0,2.42,168.67,639056
ref_edge_iiotset_flow_s211,edge_iiotset,211,flow,dirichlet_alpha_0.3,none,0.0,0.0,0.869828,0.858066,0.879432,0.85838,0.025871,0.869828,0.782845,0.228638,0.430495,0.128384,0.82212,0.0,1.0,2.42,168.67,639056
ref_edge_iiotset_bc2fl_s13,edge_iiotset,13,bc2fl,dirichlet_alpha_0.3,none,0.0,0.0,0.867635,0.864979,0.877708,0.855596,0.02514,0.867635,0.766989,0.277699,0.424664,0.113403,0.810449,0.0,0.0,2.42,168.67,639056
ref_edge_iiotset_bc2fl_s37,edge_iiotset,37,bc2fl,dirichlet_alpha_0.3,none,0.0,0.0,0.855283,0.841804,0.866563,0.847568,0.028371,0.855283,0.756071,0.282785,0.393509,0.136147,0.801585,0.0,0.0,2.42,168.67,639056
ref_edge_iiotset_bc2fl_s73,edge_iiotset,73,bc2fl,dirichlet_alpha_0.3,none,0.0,0.0,0.855155,0.849104,0.862315,0.845028,0.026673,0.855155,0.755957,0.29944,0.450334,0.11321,0.800185,0.0,0.0,2.42,168.67,639056
ref_edge_iiotset_bc2fl_s101,edge_iiotset,101,bc2fl,dirichlet_alpha_0.3,none,0.0,0.0,0.875644,0.862144,0.883592,0.865608,0.028285,0.875644,0.774069,0.295369,0.430609,0.136803,0.790593,0.0,0.0,2.42,168.67,639056
ref_edge_iiotset_bc2fl_s211,edge_iiotset,211,bc2fl,dirichlet_alpha_0.3,none,0.0,0.0,0.866161,0.84944,0.865286,0.859591,0.027672,0.866161,0.765686,0.294708,0.409304,0.116558,0.82084,0.0,0.0,2.42,168.67,639056
ref_edge_iiotset_rlfe_ids_s13,edge_iiotset,13,rlfe_ids,dirichlet_alpha_0.3,none,0.0,0.0,0.892526,0.881223,0.905587,0.881572,0.023831,0.892526,0.806844,0.223718,0.455354,0.107114,0.813779,0.0,0.0,2.42,168.67,639056
ref_edge_iiotset_rlfe_ids_s37,edge_iiotset,37,rlfe_ids,dirichlet_alpha_0.3,none,0.0,0.0,0.891315,0.879344,0.900125,0.884904,0.022346,0.891315,0.805749,0.243696,0.422728,0.127759,0.825086,0.0,0.0,2.42,168.67,639056
ref_edge_iiotset_rlfe_ids_s73,edge_iiotset,73,rlfe_ids,dirichlet_alpha_0.3,none,0.0,0.0,0.874954,0.865119,0.885382,0.870644,0.019716,0.874954,0.790958,0.247053,0.396273,0.123165,0.813704,0.0,0.0,2.42,168.67,639056
ref_edge_iiotset_rlfe_ids_s101,edge_iiotset,101,rlfe_ids,dirichlet_alpha_0.3,none,0.0,0.0,0.882983,0.863457,0.885598,0.871258,0.022971,0.882983,0.798217,0.223113,0.431914,0.121107,0.811655,0.0,0.0,2.42,168.67,639056
ref_edge_iiotset_rlfe_ids_s211,edge_iiotset,211,rlfe_ids,dirichlet_alpha_0.3,none,0.0,0.0,0.872388,0.862444,0.882846,0.869103,0.026234,0.872388,0.788639,0.222407,0.453022,0.113195,0.799506,0.0,0.0,2.42,168.67,639056
ref_edge_iiotset_lqb_ids_s13,edge_iiotset,13,lqb_ids,dirichlet_alpha_0.3,none,0.0,0.0,0.870216,0.855253,0.876832,0.866717,0.025721,0.870216,0.784935,0.258015,0.414748,0.125018,0.812901,0.0,0.0,2.42,168.67,639056
ref_edge_iiotset_lqb_ids_s37,edge_iiotset,37,lqb_ids,dirichlet_alpha_0.3,none,0.0,0.0,0.88025,0.871242,0.884971,0.87543,0.021992,0.88025,0.793986,0.258508,0.411254,0.128135,0.828663,0.0,0.0,2.42,168.67,639056
ref_edge_iiotset_lqb_ids_s73,edge_iiotset,73,lqb_ids,dirichlet_alpha_0.3,none,0.0,0.0,0.89161,0.883079,0.89734,0.888876,0.0273,0.89161,0.804232,0.267613,0.42824,0.138893,0.811559,0.0,0.0,2.42,168.67,639056
ref_edge_iiotset_lqb_ids_s101,edge_iiotset,101,lqb_ids,dirichlet_alpha_0.3,none,0.0,0.0,0.881451,0.867159,0.883467,0.876219,0.026535,0.881451,0.795069,0.21031,0.427484,0.126212,0.801776,0.0,0.0,2.42,168.67,639056
ref_edge_iiotset_lqb_ids_s211,edge_iiotset,211,lqb_ids,dirichlet_alpha_0.3,none,0.0,0.0,0.872774,0.856614,0.879061,0.862492,0.019477,0.872774,0.787242,0.273528,0.431051,0.124276,0.815613,0.0,0.0,2.42,168.67,639056
ref_edge_iiotset_fedmse_s13,edge_iiotset,13,fedmse,dirichlet_alpha_0.3,none,0.0,0.0,0.891155,0.882317,0.896788,0.881483,0.021098,0.891155,0.809169,0.226503,0.409153,0.106571,0.803459,0.0,0.0,2.42,168.67,639056
ref_edge_iiotset_fedmse_s37,edge_iiotset,37,fedmse,dirichlet_alpha_0.3,none,0.0,0.0,0.890699,0.884853,0.89669,0.881442,0.019756,0.890699,0.808754,0.254723,0.428185,0.135078,0.818977,0.0,0.0,2.42,168.67,639056
ref_edge_iiotset_fedmse_s73,edge_iiotset,73,fedmse,dirichlet_alpha_0.3,none,0.0,0.0,0.871677,0.864432,0.877477,0.856078,0.02135,0.871677,0.791482,0.241736,0.437578,0.138535,0.806665,0.0,0.0,2.42,168.67,639056
ref_edge_iiotset_fedmse_s101,edge_iiotset,101,fedmse,dirichlet_alpha_0.3,none,0.0,0.0,0.88975,0.867999,0.901264,0.874074,0.023084,0.88975,0.807893,0.214538,0.396028,0.124728,0.808816,0.0,0.0,2.42,168.67,639056
ref_edge_iiotset_fedmse_s211,edge_iiotset,211,fedmse,dirichlet_alpha_0.3,none,0.0,0.0,0.896944,0.887857,0.905386,0.887124,0.021156,0.896944,0.814425,0.242207,0.42107,0.132449,0.81874,0.0,0.0,2.42,168.67,639056
ref_edge_iiotset_pfl_ids_s13,edge_iiotset,13,pfl_ids,dirichlet_alpha_0.3,none,0.0,0.0,0.889085,0.875707,0.899038,0.883223,0.019306,0.889085,0.810845,0.213838,0.400814,0.122194,0.802286,0.0,0.0,2.42,168.67,639056
ref_edge_iiotset_pfl_ids_s37,edge_iiotset,37,pfl_ids,dirichlet_alpha_0.3,none,0.0,0.0,0.887761,0.87508,0.890889,0.875113,0.021322,0.887761,0.809638,0.226537,0.459991,0.114439,0.794434,0.0,0.0,2.42,168.67,639056
ref_edge_iiotset_pfl_ids_s73,edge_iiotset,73,pfl_ids,dirichlet_alpha_0.3,none,0.0,0.0,0.900324,0.887135,0.908533,0.895038,0.022003,0.900324,0.821095,0.211178,0.387637,0.12389,0.815556,0.0,0.0,2.42,168.67,639056
ref_edge_iiotset_pfl_ids_s101,edge_iiotset,101,pfl_ids,dirichlet_alpha_0.3,none,0.0,0.0,0.895313,0.887441,0.903477,0.88816,0.023697,0.895313,0.816525,0.22781,0.434218,0.138582,0.816953,0.0,0.0,2.42,168.67,639056
ref_edge_iiotset_pfl_ids_s211,edge_iiotset,211,pfl_ids,dirichlet_alpha_0.3,none,0.0,0.0,0.891913,0.880462,0.902713,0.888582,0.022787,0.891913,0.813425,0.233976,0.424647,0.138809,0.827647,0.0,0.0,2.42,168.67,639056
ref_edge_iiotset_prorag_fl_s13,edge_iiotset,13,prorag_fl,dirichlet_alpha_0.3,none,0.0,0.0,0.935161,0.922249,0.939534,0.924365,0.014719,0.935161,0.907107,0.064706,0.18,0.045,0.965,0.922471,0.138,2.42,168.67,639056
ref_edge_iiotset_prorag_fl_s37,edge_iiotset,37,prorag_fl,dirichlet_alpha_0.3,none,0.0,0.0,0.934216,0.926372,0.944837,0.927545,0.01601,0.934216,0.906189,0.08334,0.18,0.045,0.965,0.922183,0.138,2.42,168.67,639056
ref_edge_iiotset_prorag_fl_s73,edge_iiotset,73,prorag_fl,dirichlet_alpha_0.3,none,0.0,0.0,0.959547,0.943319,0.970196,0.952421,0.018359,0.959547,0.930761,0.074518,0.18,0.045,0.965,0.914583,0.138,2.42,168.67,639056
ref_edge_iiotset_prorag_fl_s101,edge_iiotset,101,prorag_fl,dirichlet_alpha_0.3,none,0.0,0.0,0.934605,0.926341,0.946804,0.930802,0.016765,0.934605,0.906567,0.062084,0.18,0.045,0.965,0.917777,0.138,2.42,168.67,639056
ref_edge_iiotset_prorag_fl_s211,edge_iiotset,211,prorag_fl,dirichlet_alpha_0.3,none,0.0,0.0,0.935598,0.924051,0.949049,0.934261,0.016792,0.935598,0.90753,0.050157,0.18,0.045,0.965,0.91621,0.138,2.42,168.67,639056
